[
    {
      "question": "What is AI?",
      "answer": "AI stands for Artificial Intelligence, the simulation of human intelligence in machines."
    },
    {
      "question": "LLM",
      "answer": "Deep learning models trained on vast amounts of text data, capable of understanding and generating human-like text. Examples include GPT series, LaMDA, and PaLM."
    },
    {
      "question": "Multimodal AI",
      "answer": "AI models that can process and understand information from multiple data types, such as text, images, audio, and video, simultaneously."
    },
    {
      "question": "AI Agents",
      "answer": "Autonomous AI programs designed to perform specific tasks independently, often collaborating with other agents to achieve complex goals."
    },
    {
      "question": "AI-powered Code Generation",
      "answer": "The use of AI models to automatically generate computer code based on natural language descriptions or existing code patterns."
    },
    {
      "question": "AI for Cybersecurity Threat Detection",
      "answer": "Applying AI algorithms to analyze network traffic, identify patterns, and predict or detect cyberattacks and malicious activities."
    },
    {
      "question": "AI in Personalized Education",
      "answer": "Using AI to tailor learning experiences to individual students' needs, providing customized content, pacing, and feedback."
    },
    {
      "question": "AI-driven Drug Repurposing",
      "answer": "Employing AI techniques to identify new potential uses for existing drugs, accelerating the drug discovery process."
    },
    {
      "question": "AI for Predictive Maintenance",
      "answer": "Using AI to analyze sensor data from machinery and equipment to predict when maintenance will be required, preventing costly breakdowns."
    },
    {
      "question": "AI in Supply Chain Optimization",
      "answer": "Applying AI to analyze demand forecasts, inventory levels, and logistics to optimize supply chain efficiency and reduce costs."
    },
    {
      "question": "AI for Sentiment Analysis",
      "answer": "Using NLP techniques to determine the emotional tone (positive, negative, neutral) expressed in text data, such as customer reviews or social media posts."
    },
    {
      "question": "AI-enhanced Human-Computer Interaction",
      "answer": "Designing interfaces and systems that use AI to better understand and respond to human input, making interactions more natural and efficient."
    },
    {
      "question": "AI for Anomaly Detection",
      "answer": "Using AI algorithms to identify unusual patterns or outliers in data, which can be indicative of fraud, errors, or other significant events."
    },
    {
      "question": "AI in Content Recommendation Systems",
      "answer": "Employing AI to analyze user behavior and preferences to suggest relevant content, such as videos, articles, or products."
    },
    {
      "question": "AI for Financial Fraud Detection",
      "answer": "Applying machine learning to identify suspicious transactions and patterns that may indicate fraudulent activity in financial systems."
    },
    {
      "question": "AI in Autonomous Robotics",
      "answer": "Developing robots that can perceive their environment, plan their actions, and operate independently using AI algorithms."
    },
    {
      "question": "AI for Climate Change Modeling",
      "answer": "Using AI to analyze vast datasets related to climate patterns and predict future climate scenarios."
    },
    {
      "question": "AI in Legal Tech (Legal Technology)",
      "answer": "Applying AI to tasks within the legal field, such as document review, legal research, and contract analysis."
    },
    {
      "question": "AI for Precision Medicine",
      "answer": "Tailoring medical treatments to individual patients based on their genetic makeup, lifestyle, and other factors, using AI to analyze relevant data."
    },
    {
      "question": "AI in Smart Cities",
      "answer": "Using AI to manage and optimize urban infrastructure and services, such as traffic flow, energy consumption, and public safety."
    },
    {
      "question": "Responsible AI Frameworks",
      "answer": "Guidelines and principles for developing and deploying AI systems ethically, addressing issues like fairness, transparency, and accountability."
    },
    {
      "question": "Explain HTML.",
      "answer": "HTML is the standard markup language for creating web pages."
    },
    {
      "question": "Quantum Computing",
      "answer": "A type of computation that uses the principles of quantum mechanics to solve complex problems faster than classical computers."
    },
    {
      "question": "Photosynthesis",
      "answer": "The process by which green plants and some other organisms use sunlight to synthesize foods with the help of chlorophyll."
    },
    {
      "question": "Blockchain Technology",
      "answer": "A decentralized, distributed ledger technology that records transactions across many computers."
    },
    {
      "question": "Newton's Laws of Motion",
      "answer": "Three fundamental laws in classical mechanics that describe the relationship between the motion of an object and the forces acting upon it."
    },
    {
      "question": "Machine Learning",
      "answer": "A subset of AI that enables systems to learn from data without being explicitly programmed."
    },
    {
      "question": "The Renaissance",
      "answer": "A period in European history marking the transition from the Middle Ages to modernity, characterized by a revival of classical art and learning."
    },
    {
      "question": "Cloud Computing",
      "answer": "The delivery of computing services—including servers, storage, databases, networking, software, analytics, and intelligence—over the Internet ('the cloud')."
    },
    {
      "question": "The Industrial Revolution",
      "answer": "A period of major technological advancement that began in Great Britain in the late 18th century and spread to other parts of the world, characterized by new energy sources and machinery."
    },
    {
      "question": "Cybersecurity",
      "answer": "The practice of protecting computer systems, networks, devices, and data from digital attacks, damage, or unauthorized access."
    },
    {
      "question": "The Theory of Relativity",
      "answer": "A theory developed by Albert Einstein that encompasses two interconnected theories: special relativity and general relativity, describing space, time, gravity, and the universe."
    },
    {
      "question": "Operating System",
      "answer": "Software that manages computer hardware and software resources and provides common services for computer programs."
    },
    {
      "question": "Big Data",
      "answer": "Extremely large data sets that may be analyzed computationally to reveal patterns, trends, and associations, especially relating to human behavior and interactions."
    },
    {
      "question": "Artificial Neural Network",
      "answer": "A computational model inspired by the structure and function of biological neural networks, used for tasks like pattern recognition."
    },
    {
      "question": "The Big Bang Theory",
      "answer": "The prevailing cosmological model for the universe that describes it as expanding from an initial state of extremely high density and high temperature."
    },
    {
      "question": "Encryption",
      "answer": "The process of converting information or data into a code, especially to prevent unauthorized access."
    },
    {
      "question": "Photosynthesis Equation",
      "answer": "science"
    },
    {
      "question": "Router Function",
      "answer": "A networking device that forwards data packets between computer networks."
    },
    {
      "question": "The Speed of Light",
      "answer": "Approximately $299,792,458$ meters per second in a vacuum."
    },
    {
      "question": "Compiler",
      "answer": "A computer program that translates code written in a high-level programming language into a low-level machine language."
    },
    {
      "question": "DNA Structure",
      "answer": "A double helix composed of two strands of nucleotides that carry genetic information."
    },
    {
      "question": "Algorithm",
      "answer": "A well-defined sequence of steps for solving a problem or performing a computation."
    },
    {
      "question": "Global Positioning System (GPS)",
      "answer": "A satellite-based radionavigation system owned by the United States government and operated by the United States Space Force."
    },
    {
      "question": "Central Processing Unit (CPU)",
      "answer": "The electronic circuitry within a computer that carries out the instructions of a computer program."
    },
    {
      "question": "Plate Tectonics",
      "answer": "A scientific theory describing the large-scale motion of seven large and many smaller plates of Earth's lithosphere, since tectonic processes began on Earth."
    },
    {
      "question": "Firewall",
      "answer": "A network security system that monitors and controls incoming and outgoing network traffic based on predetermined security rules."
    },
    {
      "question": "Cellular Respiration",
      "answer": "A set of metabolic reactions and processes carried out in the cells of organisms to convert chemical energy from oxygen molecules or nutrients into adenosine triphosphate (ATP), and then release waste products."
    },
    {
      "question": "API (Application Programming Interface)",
      "answer": "A set of rules and specifications that software programs can follow to communicate with each other."
    },
    {
      "question": "Greenhouse Effect",
      "answer": "The process by which radiation from a planet's atmosphere warms the planet's surface to a temperature above what it would be without its atmosphere."
    },
    {
      "question": "Virtual Reality (VR)",
      "answer": "A simulated experience that can be similar to or completely different from the real world."
    },
    {
      "question": "Electromagnetic Spectrum",
      "answer": "The range of all types of EM radiation. Radiation is energy that travels and spreads out as it goes – the visible light that comes from a lamp in your house and the radio waves that come from a radio station are two types of electromagnetic radiation."
    },
    {
      "question": "Generative AI",
      "answer": "A type of artificial intelligence focused on generating new, original content such as text, images, audio, and video."
    },
    {
      "question": "Quantum Supremacy",
      "answer": "The point at which a quantum computer can solve a problem that no classical computer can solve in a feasible amount of time."
    },
    {
      "question": "5G Technology",
      "answer": "The fifth generation of cellular network technology, offering faster speeds, lower latency, and greater capacity."
    },
    {
      "question": "Extended Reality (XR)",
      "answer": "An umbrella term encompassing virtual reality (VR), augmented reality (AR), and mixed reality (MR), creating immersive digital experiences."
    },
    {
      "question": "Digital Twins",
      "answer": "A virtual representation of a physical asset, process, or system that is used to understand, predict, and optimize its performance."
    },
    {
      "question": "Neuromorphic Computing",
      "answer": "A type of computer architecture that mimics the structure and function of the human brain, designed for energy efficiency and parallel processing."
    },
    {
      "question": "Edge Computing",
      "answer": "A distributed computing paradigm that brings computation and data storage closer to the source of data, improving response times and saving bandwidth."
    },
    {
      "question": "Serverless Computing",
      "answer": "A cloud computing execution model in which the cloud provider dynamically manages the allocation and provisioning of servers."
    },
    {
      "question": "Containerization (Docker, Kubernetes)",
      "answer": "A lightweight form of virtualization that packages an application and its dependencies together for portability and efficient deployment."
    },
    {
      "question": "Natural Language Processing (NLP)",
      "answer": "A branch of artificial intelligence that deals with the interaction between computers and human language."
    },
    {
      "question": "Computer Vision",
      "answer": "A field of artificial intelligence that enables computers and interpret the visual world."
    },
    {
      "question": "Robotics and Automation",
      "answer": "The design, construction, operation, and application of robots, as well as the use of technology to automate tasks and processes."
    },
    {
      "question": "Internet of Things (IoT)",
      "answer": "A network of physical objects embedded with sensors, software, and other technologies that enable them to collect and exchange data."
    },
    {
      "question": "Cyber-Physical Systems (CPS)",
      "answer": "Systems that integrate computation, networking, and physical processes."
    },
    {
      "question": "Graphical Processing Unit (GPU)",
      "answer": "A specialized electronic circuit designed to rapidly manipulate and alter memory to accelerate the creation of images in a frame buffer intended for output to a display device."
    },
    {
      "question": "Solid State Drive (SSD)",
      "answer": "A type of non-volatile storage device that stores persistent data on solid-state flash memory."
    },
    {
      "question": "Cloud Native Architecture",
      "answer": "A software design approach that leverages cloud computing to build and run scalable applications in dynamic environments."
    },
    {
      "question": "DevOps",
      "answer": "A set of practices that combines software development (Dev) and IT operations (Ops) to shorten the systems development life cycle and provide continuous delivery with high software quality."
    },
    {
      "question": "Cybersecurity Mesh Architecture",
      "answer": "A distributed architectural approach to cybersecurity that aims to provide consistent security controls across a wide range of distributed and disparate environments."
    },
    {
      "question": "Homomorphic Encryption",
      "answer": "A form of encryption that allows computations to be performed on ciphertext, such that decrypting the result of the computation matches the result of the same operations performed on the plaintext."
    },
    {
      "question": "Moore's Law",
      "answer": "The observation that the number of transistors in an integrated circuit doubles approximately every two years."
    },
    {
      "question": "Central Limit Theorem",
      "answer": "A fundamental concept in probability theory stating that the distribution of sample means approximates a normal distribution as the sample size gets larger, regardless of the population's distribution."
    },
    {
      "question": "Unicode Standard",
      "answer": "A universal character encoding standard that provides a unique number for every character, no matter which platform, program, or language."
    },
    {
      "question": "Transmission Control Protocol/Internet Protocol (TCP/IP)",
      "answer": "A suite of communication protocols used to interconnect network devices on the internet. TCP handles reliable data transmission, while IP handles addressing and routing."
    },
    {
      "question": "Integrated Development Environment (IDE)",
      "answer": "A software application that provides comprehensive facilities to computer programmers for software development. Typically consists of a source code editor, build automation tools, and a debugger."
    },
    {
      "question": "Lossless Compression",
      "answer": "A class of data compression algorithms that allows the original data to be perfectly reconstructed from the compressed data."
    },
    {
      "question": "Lossy Compression",
      "answer": "A class of data compression algorithms that discards some data to make the file smaller. The original data cannot be perfectly reconstructed."
    },
    {
      "question": "Distributed System",
      "answer": "A system in which components located on networked computers communicate and coordinate their actions by passing messages."
    },
    {
      "question": "Microservices Architecture",
      "answer": "An architectural style that structures an application as a collection of small, autonomous services, modeled around a business domain."
    },
    {
      "question": "Continuous Integration/Continuous Deployment (CI/CD)",
      "answer": "A set of practices that automate the software development and release process, enabling frequent and reliable software updates."
    },
    {
      "question": "Agile Software Development",
      "answer": "An iterative and incremental approach to software development that emphasizes collaboration, flexibility, and rapid feedback."
    },
    {
      "question": "Refactoring (Code)",
      "answer": "The process of restructuring existing computer code—changing the factoring—without changing its external behavior."
    },
    {
      "question": "Technical Debt",
      "answer": "The implied cost of additional rework caused by choosing an easy (limited) solution now instead of using a better (longer approach)."
    },
    {
      "question": "Design Patterns (Software)",
      "answer": "Reusable solutions to common problems in software design. They provide a template for how to solve a problem that can be used in many different situations."
    },
    {
      "question": "Authentication vs. Authorization",
      "answer": "Authentication is the process of verifying who a user is, while authorization is the process of verifying what a user has permission to do."
    },
    {
      "question": "Data Structure",
      "answer": "A particular way of organizing and storing data in a computer so that it can be accessed and modified efficiently."
    },
    {
      "question": "Algorithm Complexity (Big O Notation)",
      "answer": "A mathematical notation that describes the limiting behavior of a function when the argument tends towards a particular value or infinity, used to classify algorithms according to how their run time or space requirements grow as the input size grows."
    },
    {
      "question": "API Gateway",
      "answer": "A server that acts as a single entry point for all client requests, routing them to the appropriate microservices."
    },
    {
      "question": "Load Balancer",
      "answer": "A network device that distributes network traffic across multiple servers to prevent any single server from being overwhelmed."
    },
    {
      "question": "Cache (Computer)",
      "answer": "A hardware or software component that stores data so that future requests for that data can be served faster; the data stored in a cache might be the result of an earlier computation or a copy of data stored elsewhere."
    },
    {
      "question": "Explainable AI (XAI)",
      "answer": "A set of processes and methods that allows human users to understand and trust the results and outputs created by machine learning algorithms."
    },
    {
      "question": "Federated Learning",
      "answer": "A machine learning technique that trains an algorithm across multiple decentralized edge devices or servers holding local data samples, without exchanging their data samples."
    },
    {
      "question": "Transformer Networks (AI)",
      "answer": "A novel neural network architecture that has revolutionized natural language processing and is now being applied to other domains like computer vision. Key feature is the 'attention mechanism'."
    },
    {
      "question": "Generative Adversarial Networks (GANs)",
      "answer": "A class of machine learning frameworks where two neural networks contest with each other in a zero-sum game. Often used to generate realistic synthetic data."
    },
    {
      "question": "Reinforcement Learning (RL)",
      "answer": "An area of machine learning in which an agent learns how to behave in an environment by performing actions and receiving rewards or penalties."
    },
    {
      "question": "AI Ethics",
      "answer": "A branch of applied ethics that examines moral and ethical issues arising from the design, development, and deployment of artificial intelligence."
    },
    {
      "question": "AI Safety",
      "answer": "A field focused on ensuring that advanced AI systems do not cause unintended harm to humans or society."
    },
    {
      "question": "Few-Shot Learning",
      "answer": "A machine learning approach that aims to learn from a small number of training examples."
    },
    {
      "question": "Zero-Shot Learning",
      "answer": "A machine learning paradigm where a model can recognize and classify objects or concepts it has never seen before during training."
    },
    {
      "question": "Knowledge Graphs (AI)",
      "answer": "A graph-based data structure that uses nodes to represent entities and edges to represent the relationships between them, used for knowledge representation and reasoning."
    },
    {
      "question": "Attention Mechanism (AI)",
      "answer": "A technique used in neural networks that allows the model to focus on the most relevant parts of the input data when making predictions."
    },
    {
      "question": "Embedding (Machine Learning)",
      "answer": "A way to represent high-dimensional data (like words or images) in a lower-dimensional space while preserving important semantic or structural relationships."
    },
    {
      "question": "Active Learning (AI)",
      "answer": "A machine learning technique where the algorithm selectively queries the user (or an oracle) for labels for the most informative data points, improving learning efficiency."
    },
    {
      "question": "Causal Inference (AI)",
      "answer": "A field that aims to understand the causes and effects in data, going beyond correlation to determine why certain outcomes occur."
    },
    {
      "question": "Digital Twins (AI Applications)",
      "answer": "Dynamic virtual representations of physical assets, processes, or systems, leveraging AI and IoT data for simulation, prediction, and optimization."
    },
    {
      "question": "Robotic Process Automation with AI (RPA + AI)",
      "answer": "The integration of AI capabilities like machine learning and NLP with RPA to automate more complex and cognitive tasks."
    },
    {
      "question": "AI-driven Drug Discovery",
      "answer": "The use of artificial intelligence techniques to accelerate the identification of potential drug candidates and improve the efficiency of the drug development process."
    },
    {
      "question": "AI in Medical Imaging",
      "answer": "The application of AI algorithms to analyze medical images (like X-rays, MRIs, CT scans) for diagnosis, detection of anomalies, and treatment planning."
    },
    {
      "question": "AI for Natural Resource Management",
      "answer": "Using AI techniques to monitor, analyze, and manage natural resources like forests, water, and wildlife more effectively."
    },
    {
      "question": "AI in Precision Agriculture",
      "answer": "Applying AI to optimize farming practices based on data analysis, leading to increased yields, reduced waste, and more sustainable agriculture."
    },
    {
      "question": "AI-driven Personalized Healthcare",
      "answer": "Utilizing AI algorithms to analyze individual patient data (genomics, medical history, lifestyle) to provide tailored treatments and interventions."
    },
    {
      "question": "AI in Autonomous Vehicles (Level 5)",
      "answer": "Self-driving vehicles that can operate without any human intervention in all conditions and scenarios."
    },
    {
      "question": "Neurolinguistic Programming (NLP) with Deep Learning",
      "answer": "Advanced NLP techniques leveraging deep neural networks to achieve more sophisticated language understanding and generation."
    },
    {
      "question": "Graph Neural Networks (GNNs)",
      "answer": "A type of neural network that can learn from graph-structured data, useful for tasks like social network analysis and drug discovery."
    },
    {
      "question": "AI for Scientific Discovery",
      "answer": "Using AI to analyze large scientific datasets, identify patterns, and accelerate the process of making new discoveries in various fields."
    },
    {
      "question": "Quantum Machine Learning",
      "answer": "The integration of quantum computing and machine learning algorithms to potentially solve complex problems faster than classical methods."
    },
    {
      "question": "Bio-inspired AI",
      "answer": "Developing AI algorithms and architectures based on principles observed in biological systems, such as the human brain or evolution."
    },
    {
      "question": "Edge AI Devices",
      "answer": "AI processing capabilities embedded directly into devices (e.g., smartphones, sensors, robots), allowing for real-time analysis without cloud connectivity."
    },
    {
      "question": "Swarm Intelligence (AI)",
      "answer": "A type of AI inspired by the collective behavior of decentralized, self-organized systems, like ant colonies or bird flocks, used for optimization problems."
    },
    {
      "question": "Digital Pathology with AI",
      "answer": "Using AI to analyze digitized microscope slides of tissue samples, aiding pathologists in diagnosis and cancer detection."
    },
    {
      "question": "AI for Environmental Monitoring",
      "answer": "Applying AI to analyze satellite imagery, sensor data, and other sources to monitor environmental changes, predict natural disasters, and track pollution."
    },
    {
      "question": "AI in Smart Agriculture Robotics",
      "answer": "Developing robots equipped with AI and computer vision to perform tasks like automated harvesting, weed detection, and precision planting."
    },
    {
      "question": "AI for Cultural Heritage Preservation",
      "answer": "Using AI techniques for tasks like digitizing historical documents, reconstructing damaged artifacts, and analyzing artistic styles."
    }
  ]
  